{"MD_path": "examples/LLZO/400K", "delta_t_min": 139.0, "delta_t_max": 3138.0, "delta_t_mean": 1858.888888888889, "delta_r_min": 3.0, "delta_r_max": 152.0, "delta_r_mean": 33.638888888888886, "gamma": null}