{"MD_path": "examples/LLZO/800K", "delta_t_min": 567.0, "delta_t_max": 2535.0, "delta_t_mean": 2045.6842105263158, "delta_r_min": 9.0, "delta_r_max": 92.0, "delta_r_mean": 50.05263157894737, "gamma": null}